NTC,PM10,PM2.5,PM1.0,CT1,CT2,CT3,CT4,value_TGmx,X_Tmax,Y_Tmax,ex_temperature,ex_humidity,ex_illuminance,collection_datetime,tagging_state
27.3,20.0,11.0,8.0,2.58,1.18,0.43,0.55,42.0,0.0,119.0,22.0,35.0,529.0,08-30 06:58:49,0
27.3,20.0,13.0,8.0,2.34,1.11,0.42,0.44,42.02,0.0,119.0,23.0,36.0,514.0,08-30 06:58:50,0
27.3,20.0,13.0,7.0,2.57,1.19,0.43,0.52,41.95,0.0,119.0,22.0,36.0,525.0,08-30 06:58:51,0
27.3,19.0,12.0,8.0,2.5,1.0,0.54,0.43,42.11,0.0,119.0,22.0,35.0,523.0,08-30 06:58:52,0
27.3,20.0,11.0,8.0,2.26,1.39,0.4,0.5,42.26,0.0,119.0,22.0,36.0,517.0,08-30 06:58:53,0
27.22,20.0,12.0,8.0,2.76,0.86,0.55,0.48,42.18,0.0,119.0,22.0,36.0,522.0,08-30 06:58:54,0
27.2,20.0,12.0,9.0,2.07,1.31,0.47,0.47,42.24,0.0,119.0,22.0,35.0,528.0,08-30 06:58:55,0
27.3,19.0,12.0,8.0,2.68,1.03,0.44,0.49,42.31,0.0,119.0,22.0,36.0,524.0,08-30 06:58:56,0
27.27,19.0,12.0,8.0,2.22,1.12,0.5,0.43,42.34,0.0,119.0,23.0,35.0,520.0,08-30 06:58:57,0
27.2,20.0,12.0,8.0,2.36,1.31,0.4,0.5,42.3,0.0,119.0,22.0,36.0,520.0,08-30 06:58:58,0
27.2,21.0,12.0,7.0,2.62,0.9,0.53,0.43,42.32,0.0,119.0,23.0,35.0,512.0,08-30 06:58:59,0
27.2,20.0,11.0,7.0,2.12,1.31,0.42,0.49,42.22,0.0,119.0,22.0,35.0,518.0,08-30 06:59:00,0
27.29,21.0,12.0,8.0,2.74,0.94,0.48,0.48,42.32,0.0,119.0,22.0,36.0,523.0,08-30 06:59:01,0
27.27,20.0,12.0,7.0,2.09,1.27,0.49,0.46,42.25,0.0,119.0,23.0,36.0,514.0,08-30 06:59:02,0
27.2,20.0,12.0,8.0,2.61,1.21,0.41,0.55,42.24,0.0,119.0,22.0,36.0,530.0,08-30 06:59:03,0
27.2,19.0,11.0,8.0,2.5,0.99,0.52,0.44,42.23,0.0,119.0,23.0,35.0,518.0,08-30 06:59:04,0
27.2,21.0,12.0,8.0,2.23,1.38,0.41,0.5,42.24,0.0,119.0,23.0,35.0,521.0,08-30 06:59:05,0
27.2,20.0,13.0,8.0,2.76,0.87,0.52,0.46,42.13,0.0,119.0,23.0,35.0,526.0,08-30 06:59:06,0
27.19,20.0,12.0,9.0,2.08,1.29,0.45,0.48,42.17,0.0,119.0,23.0,35.0,518.0,08-30 06:59:07,0
27.1,20.0,12.0,8.0,2.62,1.1,0.44,0.5,42.2,0.0,119.0,23.0,35.0,512.0,08-30 06:59:08,0
27.14,20.0,13.0,8.0,2.32,1.08,0.53,0.44,42.23,0.0,119.0,23.0,36.0,526.0,08-30 06:59:09,0
27.2,20.0,12.0,8.0,2.37,1.32,0.41,0.5,42.25,0.0,119.0,23.0,35.0,520.0,08-30 06:59:10,0
27.2,21.0,12.0,8.0,2.69,0.89,0.56,0.45,42.35,0.0,119.0,23.0,36.0,512.0,08-30 06:59:11,0
27.19,20.0,12.0,8.0,2.08,1.34,0.43,0.48,42.43,0.0,119.0,22.0,36.0,524.0,08-30 06:59:12,0
27.1,20.0,12.0,9.0,2.74,0.96,0.48,0.48,42.28,0.0,119.0,22.0,36.0,522.0,08-30 06:59:13,0
27.1,20.0,13.0,8.0,2.1,1.22,0.49,0.44,42.18,0.0,119.0,23.0,36.0,524.0,08-30 06:59:14,0
27.1,20.0,12.0,8.0,2.49,1.17,0.42,0.5,42.26,0.0,119.0,22.0,35.0,527.0,08-30 06:59:15,0
27.18,21.0,11.0,8.0,2.5,0.98,0.55,0.43,42.34,0.0,119.0,23.0,36.0,523.0,08-30 06:59:16,0
27.2,20.0,11.0,8.0,2.18,1.32,0.39,0.5,42.27,0.0,119.0,23.0,35.0,526.0,08-30 06:59:17,0
27.2,20.0,12.0,8.0,2.8,0.92,0.5,0.47,42.16,0.0,119.0,22.0,36.0,518.0,08-30 06:59:18,0
27.2,21.0,12.0,8.0,2.08,1.27,0.47,0.46,42.22,0.0,119.0,23.0,36.0,518.0,08-30 06:59:19,0
27.2,20.0,12.0,9.0,2.58,1.25,0.45,0.53,42.42,0.0,119.0,23.0,36.0,530.0,08-30 06:59:20,0
27.1,19.0,11.0,9.0,2.0,1.3,0.4,0.5,42.54,0.0,119.0,22.0,36.0,526.0,08-30 06:59:21,0
27.1,20.0,12.0,8.0,2.6,1.18,0.43,0.52,42.45,0.0,119.0,23.0,35.0,512.0,08-30 06:59:22,0
27.2,21.0,12.0,8.0,2.41,0.96,0.5,0.42,42.26,0.0,119.0,23.0,35.0,525.0,08-30 06:59:23,0
27.18,20.0,12.0,8.0,2.2,1.39,0.4,0.5,42.17,0.0,119.0,22.0,36.0,528.0,08-30 06:59:24,0
27.1,20.0,13.0,7.0,2.76,0.83,0.52,0.47,42.2,0.0,119.0,23.0,35.0,513.0,08-30 06:59:25,0
27.1,20.0,12.0,7.0,2.11,1.28,0.46,0.44,42.36,0.0,119.0,22.0,36.0,517.0,08-30 06:59:26,0
27.1,20.0,12.0,8.0,2.67,1.09,0.46,0.52,42.46,0.0,119.0,23.0,35.0,520.0,08-30 06:59:27,0
27.1,20.0,12.0,8.0,2.26,1.08,0.49,0.41,42.4,0.0,119.0,22.0,36.0,525.0,08-30 06:59:28,0
27.1,21.0,12.0,7.0,2.31,1.36,0.41,0.5,42.36,0.0,119.0,22.0,35.0,512.0,08-30 06:59:29,0
27.1,20.0,12.0,8.0,2.64,0.91,0.53,0.44,42.28,0.0,119.0,23.0,35.0,530.0,08-30 06:59:30,0
27.1,21.0,12.0,8.0,2.08,1.33,0.43,0.48,42.26,0.0,119.0,23.0,36.0,527.0,08-30 06:59:31,0
27.1,20.0,11.0,10.0,2.5,1.2,0.4,0.5,42.32,0.0,119.0,23.0,35.0,523.0,08-30 06:59:32,0
27.1,18.0,13.0,10.0,2.0,1.4,0.4,0.5,43.4,0.0,119.0,23.0,35.0,522.0,08-30 06:59:33,0
27.1,20.0,11.0,8.0,2.48,1.21,0.42,0.5,43.76,0.0,119.0,23.0,36.0,530.0,08-30 06:59:34,0
27.1,20.0,12.0,9.0,2.49,0.97,0.56,0.43,44.05,0.0,119.0,22.0,35.0,523.0,08-30 06:59:35,0
27.1,20.0,12.0,8.0,2.23,1.36,0.41,0.5,44.3,0.0,119.0,22.0,35.0,515.0,08-30 06:59:36,0
27.1,20.0,12.0,6.0,2.75,0.86,0.5,0.46,44.4,0.0,119.0,22.0,36.0,513.0,08-30 06:59:37,0
27.1,19.0,13.0,8.0,2.12,1.29,0.48,0.44,44.52,0.0,119.0,23.0,36.0,512.0,08-30 06:59:38,0
27.1,19.0,12.0,7.0,2.57,1.11,0.43,0.49,44.58,0.0,119.0,22.0,35.0,525.0,08-30 06:59:39,0
27.1,21.0,11.0,9.0,2.34,1.04,0.49,0.42,44.56,0.0,119.0,23.0,36.0,518.0,08-30 06:59:40,0
27.1,20.0,12.0,7.0,2.33,1.31,0.4,0.5,44.72,0.0,119.0,23.0,35.0,529.0,08-30 06:59:41,0
27.1,20.0,12.0,8.0,2.63,0.92,0.53,0.42,44.73,0.0,119.0,23.0,36.0,522.0,08-30 06:59:42,0
27.1,20.0,12.0,8.0,2.06,1.41,0.43,0.49,44.69,0.0,119.0,22.0,36.0,511.0,08-30 06:59:43,0
27.1,19.0,12.0,8.0,2.7,0.97,0.46,0.48,44.61,0.0,119.0,23.0,35.0,530.0,08-30 06:59:44,0
27.1,21.0,12.0,9.0,2.14,1.18,0.49,0.46,44.56,0.0,119.0,23.0,36.0,515.0,08-30 06:59:45,0
27.1,21.0,12.0,8.0,2.51,1.17,0.42,0.5,44.27,0.0,119.0,22.0,35.0,520.0,08-30 06:59:46,0
27.1,20.0,13.0,10.0,2.48,0.96,0.56,0.41,44.39,0.0,119.0,22.0,35.0,529.0,08-30 06:59:47,0
27.1,20.0,12.0,7.0,2.18,1.39,0.41,0.5,44.34,0.0,119.0,23.0,36.0,527.0,08-30 06:59:48,0
27.1,20.0,12.0,8.0,2.68,0.89,0.48,0.46,44.33,0.0,119.0,23.0,36.0,529.0,08-30 06:59:49,0
27.1,20.0,12.0,8.0,2.16,1.29,0.44,0.47,44.55,0.0,119.0,22.0,35.0,528.0,08-30 06:59:50,0
27.1,20.0,12.0,8.0,2.4,1.3,0.4,0.5,44.56,0.0,119.0,22.0,36.0,521.0,08-30 06:59:51,0
27.1,20.0,12.0,8.0,2.07,1.23,0.47,0.43,44.46,0.0,119.0,22.0,35.0,526.0,08-30 06:59:52,0
27.1,20.0,12.0,8.0,2.47,1.26,0.43,0.5,44.34,0.0,119.0,23.0,35.0,521.0,08-30 06:59:53,0
27.1,20.0,12.0,8.0,2.44,0.97,0.52,0.42,44.22,0.0,119.0,23.0,36.0,527.0,08-30 06:59:54,0
27.1,20.0,12.0,8.0,2.16,1.34,0.41,0.51,44.14,0.0,119.0,23.0,35.0,516.0,08-30 06:59:55,0
27.1,21.0,12.0,8.0,2.8,0.88,0.48,0.46,44.09,0.0,119.0,22.0,35.0,513.0,08-30 06:59:56,0
27.1,21.0,12.0,8.0,2.03,1.23,0.44,0.44,43.94,0.0,119.0,23.0,35.0,515.0,08-30 06:59:57,0
27.06,20.0,12.0,7.0,2.57,1.09,0.44,0.5,44.3,0.0,119.0,22.0,35.0,522.0,08-30 06:59:58,0
27.0,20.0,12.0,7.0,2.34,1.02,0.53,0.43,44.31,0.0,119.0,23.0,35.0,518.0,08-30 06:59:59,0
27.09,21.0,12.0,8.0,2.3,1.36,0.4,0.52,44.36,0.0,119.0,23.0,36.0,528.0,08-30 07:00:00,0
27.1,20.0,12.0,7.0,2.73,0.87,0.5,0.46,44.14,0.0,119.0,23.0,35.0,516.0,08-30 07:00:01,0
27.1,20.0,12.0,9.0,2.1,1.37,0.44,0.45,43.99,0.0,119.0,23.0,35.0,518.0,08-30 07:00:02,0
27.1,20.0,13.0,9.0,2.7,1.0,0.47,0.49,43.87,0.0,119.0,22.0,35.0,521.0,08-30 07:00:03,0
27.1,21.0,12.0,8.0,2.12,1.17,0.47,0.43,43.88,0.0,119.0,22.0,35.0,528.0,08-30 07:00:04,0
27.1,21.0,13.0,8.0,2.44,1.21,0.39,0.5,43.9,0.0,119.0,23.0,36.0,527.0,08-30 07:00:05,0
27.1,20.0,12.0,7.0,2.54,0.93,0.5,0.43,43.99,0.0,119.0,23.0,35.0,524.0,08-30 07:00:06,0
27.1,20.0,12.0,8.0,2.13,1.32,0.41,0.49,43.99,0.0,119.0,23.0,36.0,524.0,08-30 07:00:07,0
27.1,20.0,11.0,9.0,2.71,0.84,0.48,0.46,43.94,0.0,119.0,22.0,36.0,521.0,08-30 07:00:08,0
27.1,20.0,12.0,7.0,2.08,1.23,0.46,0.46,43.96,0.0,119.0,23.0,35.0,517.0,08-30 07:00:09,0
27.1,20.0,12.0,8.0,2.52,1.13,0.42,0.5,43.98,0.0,119.0,22.0,36.0,529.0,08-30 07:00:10,0
27.1,20.0,11.0,8.0,2.42,1.0,0.5,0.41,43.98,0.0,119.0,22.0,35.0,517.0,08-30 07:00:11,0
27.1,20.0,12.0,7.0,2.27,1.37,0.4,0.52,43.99,0.0,119.0,23.0,36.0,520.0,08-30 07:00:12,0
27.1,20.0,12.0,7.0,2.72,0.86,0.52,0.45,43.9,0.0,119.0,23.0,35.0,520.0,08-30 07:00:13,0
27.1,19.0,12.0,7.0,2.04,1.28,0.44,0.47,43.79,0.0,119.0,23.0,35.0,511.0,08-30 07:00:14,0
27.1,21.0,12.0,8.0,2.7,1.03,0.44,0.49,43.65,0.0,119.0,22.0,35.0,522.0,08-30 07:00:15,0
27.1,20.0,12.0,9.0,2.17,1.09,0.5,0.43,43.58,0.0,119.0,23.0,36.0,530.0,08-30 07:00:16,0
27.1,20.0,12.0,8.0,2.43,1.27,0.42,0.5,43.56,0.0,119.0,22.0,35.0,520.0,08-30 07:00:17,0
27.1,20.0,12.0,8.0,2.55,0.86,0.52,0.43,43.58,0.0,119.0,22.0,36.0,513.0,08-30 07:00:18,0
27.1,20.0,12.0,7.0,2.11,1.31,0.42,0.48,43.6,8.0,83.0,23.0,35.0,512.0,08-30 07:00:19,0
27.1,20.0,12.0,9.0,2.71,0.92,0.47,0.49,43.62,10.0,82.0,23.0,35.0,518.0,08-30 07:00:20,0
27.1,20.0,13.0,7.0,2.08,1.22,0.46,0.44,43.62,0.0,119.0,22.0,36.0,519.0,08-30 07:00:21,0
27.1,20.0,10.0,8.0,2.2,1.5,0.4,0.5,43.65,0.0,119.0,22.0,36.0,522.0,08-30 07:00:22,0
27.1,20.0,12.0,9.0,2.22,1.11,0.52,0.43,43.65,0.0,119.0,22.0,36.0,523.0,08-30 07:00:23,0
27.1,20.0,12.0,9.0,2.32,1.32,0.4,0.5,43.69,9.0,82.0,22.0,35.0,516.0,08-30 07:00:24,0
27.1,20.0,12.0,8.0,2.61,0.93,0.52,0.44,43.77,8.0,83.0,23.0,36.0,524.0,08-30 07:00:25,0
27.1,20.0,12.0,8.0,2.1,1.32,0.43,0.5,43.72,10.0,82.0,22.0,36.0,511.0,08-30 07:00:26,0
27.1,20.0,12.0,10.0,2.73,0.98,0.47,0.48,43.86,0.0,119.0,22.0,35.0,515.0,08-30 07:00:27,0
27.1,21.0,12.0,9.0,2.12,1.17,0.49,0.42,43.85,0.0,119.0,23.0,36.0,527.0,08-30 07:00:28,0
27.1,20.0,13.0,6.0,2.53,1.16,0.43,0.5,43.8,0.0,119.0,23.0,36.0,511.0,08-30 07:00:29,0
27.1,20.0,11.0,8.0,2.39,0.96,0.52,0.42,43.67,0.0,119.0,22.0,35.0,523.0,08-30 07:00:30,0
27.1,20.0,12.0,8.0,2.16,1.36,0.4,0.5,43.63,10.0,82.0,23.0,36.0,528.0,08-30 07:00:31,0
27.04,21.0,12.0,9.0,2.82,0.86,0.51,0.46,43.66,10.0,82.0,23.0,36.0,517.0,08-30 07:00:32,0
27.0,20.0,13.0,8.0,2.03,1.28,0.46,0.46,43.74,10.0,82.0,23.0,35.0,512.0,08-30 07:00:33,0
27.09,19.0,12.0,7.0,2.67,1.1,0.42,0.5,43.73,10.0,82.0,23.0,35.0,529.0,08-30 07:00:34,0
27.1,21.0,12.0,8.0,2.28,1.08,0.49,0.44,43.77,10.0,82.0,22.0,35.0,521.0,08-30 07:00:35,0
27.1,19.0,13.0,8.0,2.31,1.38,0.4,0.5,43.82,11.0,80.0,22.0,36.0,526.0,08-30 07:00:36,0
27.1,19.0,12.0,7.0,2.68,0.89,0.53,0.46,43.93,10.0,82.0,23.0,36.0,511.0,08-30 07:00:37,0
27.1,20.0,13.0,9.0,2.12,1.29,0.42,0.48,43.99,11.0,80.0,22.0,35.0,511.0,08-30 07:00:38,0
27.1,20.0,12.0,8.0,2.64,0.91,0.46,0.48,44.0,11.0,80.0,22.0,35.0,528.0,08-30 07:00:39,0
27.1,19.0,12.0,8.0,2.12,1.12,0.48,0.41,44.01,9.0,83.0,22.0,36.0,530.0,08-30 07:00:40,0
27.1,20.0,12.0,8.0,2.4,1.23,0.42,0.5,44.03,10.0,82.0,23.0,35.0,525.0,08-30 07:00:41,0
27.06,21.0,12.0,9.0,2.51,0.91,0.5,0.41,44.55,10.0,82.0,23.0,35.0,518.0,08-30 07:00:42,0
27.0,20.0,13.0,9.0,2.17,1.34,0.41,0.49,44.89,10.0,82.0,22.0,36.0,514.0,08-30 07:00:43,0
27.0,19.0,12.0,8.0,2.72,0.88,0.47,0.46,45.17,10.0,82.0,22.0,36.0,512.0,08-30 07:00:44,0
27.01,20.0,12.0,8.0,1.96,1.27,0.45,0.45,45.4,10.0,82.0,22.0,35.0,516.0,08-30 07:00:45,0
27.1,20.0,12.0,8.0,2.56,1.17,0.43,0.5,45.8,10.0,82.0,22.0,35.0,513.0,08-30 07:00:46,0
27.1,20.0,13.0,8.0,2.37,0.97,0.51,0.42,46.07,10.0,82.0,23.0,36.0,517.0,08-30 07:00:47,0
27.1,20.0,12.0,7.0,2.28,1.32,0.4,0.5,46.27,10.0,82.0,22.0,35.0,528.0,08-30 07:00:48,0
27.1,20.0,12.0,8.0,2.81,0.84,0.5,0.46,46.4,10.0,82.0,22.0,36.0,513.0,08-30 07:00:49,0
27.1,20.0,12.0,9.0,2.0,1.23,0.46,0.46,46.6,9.0,82.0,23.0,35.0,530.0,08-30 07:00:50,0
27.08,20.0,11.0,8.0,1.98,1.23,0.47,0.44,47.22,10.0,82.0,23.0,36.0,517.0,08-30 07:00:51,0
27.05,20.0,11.0,8.0,1.95,1.23,0.48,0.43,47.86,11.0,82.0,22.0,35.0,525.0,08-30 07:00:52,0
27.1,21.0,11.0,10.0,2.65,0.95,0.45,0.5,48.47,11.0,81.0,22.0,36.0,529.0,08-30 07:00:53,0
27.04,20.0,12.0,7.0,2.4,0.98,0.49,0.42,48.94,11.0,82.0,22.0,36.0,526.0,08-30 07:00:54,0
27.0,20.0,12.0,8.0,2.14,1.31,0.4,0.5,49.3,10.0,82.0,23.0,36.0,520.0,08-30 07:00:55,0
27.09,21.0,12.0,8.0,2.67,0.88,0.53,0.44,49.65,12.0,81.0,22.0,36.0,521.0,08-30 07:00:56,0
27.1,21.0,12.0,8.0,1.98,1.3,0.42,0.47,49.95,10.0,82.0,23.0,36.0,511.0,08-30 07:00:57,0
27.1,20.0,12.0,9.0,2.7,0.99,0.44,0.51,50.17,10.0,82.0,23.0,36.0,521.0,08-30 07:00:58,0
27.1,20.0,12.0,8.0,2.19,1.06,0.48,0.42,50.34,10.0,82.0,23.0,36.0,522.0,08-30 07:00:59,0
27.1,20.0,12.0,7.0,2.4,1.27,0.41,0.5,50.55,10.0,82.0,23.0,36.0,516.0,08-30 07:01:00,0
27.1,20.0,12.0,7.0,2.57,0.91,0.53,0.42,50.71,10.0,82.0,22.0,35.0,520.0,08-30 07:01:01,0
27.1,20.0,12.0,6.0,2.12,1.38,0.41,0.49,50.88,10.0,82.0,23.0,36.0,516.0,08-30 07:01:02,0
27.1,20.0,11.0,7.0,2.81,1.05,0.5,0.5,50.96,10.0,82.0,22.0,35.0,525.0,08-30 07:01:03,0
27.1,20.0,12.0,7.0,2.53,1.75,0.64,0.56,51.14,10.0,82.0,22.0,36.0,513.0,08-30 07:01:04,0
27.1,20.0,11.0,8.0,3.16,1.64,0.64,0.66,51.2,10.0,82.0,23.0,35.0,524.0,08-30 07:01:05,0
27.1,19.0,12.0,9.0,2.84,1.6,0.78,0.59,51.26,10.0,82.0,22.0,36.0,525.0,08-30 07:01:06,0
27.1,20.0,12.0,7.0,2.76,1.99,0.61,0.66,51.4,10.0,82.0,23.0,35.0,530.0,08-30 07:01:07,1
27.1,20.0,12.0,8.0,3.3,1.6,0.77,0.63,51.43,10.0,82.0,22.0,36.0,530.0,08-30 07:01:08,1
27.1,20.0,12.0,8.0,2.61,2.1,0.68,0.65,51.54,10.0,81.0,22.0,36.0,513.0,08-30 07:01:09,1
27.1,20.0,12.0,6.0,3.3,1.78,0.71,0.65,51.74,11.0,81.0,22.0,35.0,514.0,08-30 07:01:10,1
27.1,20.0,12.0,9.0,2.75,1.9,0.72,0.59,51.9,10.0,82.0,23.0,35.0,527.0,08-30 07:01:11,1
27.1,20.0,12.0,8.0,3.03,2.14,0.63,0.67,52.02,10.0,82.0,22.0,35.0,522.0,08-30 07:01:12,1
27.1,20.0,12.0,9.0,3.18,1.81,0.79,0.6,52.25,10.0,82.0,22.0,36.0,521.0,08-30 07:01:13,1
27.1,20.0,12.0,9.0,2.63,2.37,0.64,0.65,52.33,10.0,82.0,23.0,36.0,520.0,08-30 07:01:14,1
27.1,20.0,12.0,8.0,3.38,1.96,0.75,0.65,52.4,12.0,81.0,23.0,35.0,514.0,08-30 07:01:15,1
27.1,20.0,12.0,8.0,2.72,2.34,0.75,0.6,52.47,10.0,82.0,22.0,36.0,515.0,08-30 07:01:16,1
27.1,20.0,12.0,8.0,3.17,2.45,0.68,0.69,52.66,10.0,82.0,22.0,36.0,519.0,08-30 07:01:17,1
27.1,20.0,12.0,8.0,3.08,2.27,0.8,0.59,52.81,10.0,82.0,22.0,35.0,521.0,08-30 07:01:18,1
27.1,20.0,12.0,8.0,2.79,2.76,0.64,0.68,52.97,10.0,82.0,22.0,35.0,529.0,08-30 07:01:19,1
27.1,20.0,12.0,10.0,3.34,2.29,0.77,0.63,53.01,10.0,81.0,23.0,36.0,526.0,08-30 07:01:20,1
27.1,21.0,12.0,7.0,2.67,2.76,0.7,0.62,53.16,10.0,82.0,22.0,35.0,513.0,08-30 07:01:21,1
27.1,20.0,12.0,10.0,3.38,2.65,0.72,0.68,53.36,10.0,82.0,23.0,35.0,521.0,08-30 07:01:22,1
27.1,20.0,12.0,7.0,3.24,2.53,0.83,0.59,53.49,10.0,82.0,23.0,35.0,526.0,08-30 07:01:23,1
27.1,20.0,11.0,6.0,3.44,2.69,0.73,0.69,53.53,10.0,82.0,23.0,36.0,529.0,08-30 07:01:24,1
27.1,20.0,13.0,8.0,3.11,2.7,0.84,0.6,53.56,10.0,82.0,22.0,36.0,519.0,08-30 07:01:25,1
27.14,20.0,12.0,8.0,2.84,3.18,0.69,0.69,53.64,10.0,82.0,22.0,36.0,529.0,08-30 07:01:26,1
27.2,20.0,12.0,8.0,3.44,2.74,0.77,0.63,53.95,10.0,82.0,23.0,35.0,524.0,08-30 07:01:27,1
27.2,20.0,12.0,9.0,2.8,3.36,0.75,0.66,54.07,10.0,82.0,23.0,35.0,521.0,08-30 07:01:28,1
27.2,20.0,13.0,8.0,3.42,3.14,0.75,0.73,54.13,10.0,82.0,23.0,35.0,522.0,08-30 07:01:29,1
27.2,20.0,12.0,7.0,3.06,3.19,0.83,0.61,54.2,10.0,82.0,22.0,35.0,521.0,08-30 07:01:30,1
27.24,20.0,12.0,8.0,3.03,3.57,0.71,0.71,54.34,10.0,82.0,23.0,35.0,516.0,08-30 07:01:31,1
27.3,20.0,12.0,7.0,3.42,3.23,0.83,0.62,54.42,10.0,82.0,23.0,36.0,528.0,08-30 07:01:32,1
27.3,19.0,12.0,9.0,2.78,3.86,0.71,0.68,54.63,10.0,82.0,23.0,35.0,520.0,08-30 07:01:33,1
27.3,20.0,12.0,8.0,3.52,3.47,0.78,0.68,54.67,10.0,82.0,22.0,36.0,524.0,08-30 07:01:34,1
27.2,20.0,11.0,8.0,2.92,3.88,0.82,0.63,54.69,10.0,82.0,23.0,36.0,514.0,08-30 07:01:35,1
27.27,20.0,12.0,8.0,3.33,3.98,0.73,0.69,54.89,11.0,81.0,22.0,36.0,528.0,08-30 07:01:36,1
27.4,20.0,12.0,9.0,3.2,3.81,0.85,0.62,54.95,11.0,81.0,22.0,35.0,523.0,08-30 07:01:37,1
27.4,20.0,12.0,8.0,2.9,4.41,0.7,0.7,55.15,9.0,83.0,22.0,36.0,522.0,08-30 07:01:38,1
27.4,19.0,12.0,8.0,3.62,4.01,0.83,0.7,55.19,11.0,81.0,23.0,36.0,513.0,08-30 07:01:39,1
27.4,20.0,13.0,6.0,2.92,4.52,0.8,0.66,55.31,11.0,81.0,22.0,35.0,515.0,08-30 07:01:40,1
27.43,20.0,12.0,9.0,3.47,4.46,0.76,0.75,55.37,10.0,82.0,23.0,35.0,515.0,08-30 07:01:41,1
27.5,21.0,12.0,8.0,3.25,4.49,0.88,0.64,55.51,10.0,82.0,23.0,35.0,521.0,08-30 07:01:42,1
27.5,20.0,13.0,7.0,3.01,4.96,0.73,0.75,55.65,10.0,82.0,23.0,36.0,513.0,08-30 07:01:43,1
27.5,20.0,12.0,8.0,3.58,4.66,0.88,0.7,55.72,10.0,82.0,23.0,35.0,521.0,08-30 07:01:44,1
27.5,19.0,12.0,8.0,2.86,5.27,0.78,0.71,55.98,10.0,82.0,23.0,35.0,517.0,08-30 07:01:45,1
27.52,20.0,12.0,7.0,3.58,5.0,0.81,0.72,56.02,10.0,82.0,22.0,35.0,526.0,08-30 07:01:46,1
27.6,21.0,12.0,9.0,2.96,5.24,0.83,0.65,56.1,10.0,82.0,23.0,36.0,514.0,08-30 07:01:47,1
27.6,20.0,12.0,8.0,3.34,5.6,0.73,0.78,56.09,10.0,82.0,22.0,36.0,525.0,08-30 07:01:48,1
27.6,20.0,12.0,7.0,3.44,5.4,0.89,0.69,56.3,10.0,82.0,23.0,35.0,515.0,08-30 07:01:49,1
27.6,21.0,12.0,7.0,3.06,6.04,0.77,0.75,56.43,10.0,82.0,23.0,35.0,516.0,08-30 07:01:50,1
27.6,20.0,12.0,7.0,3.74,5.7,0.89,0.73,56.46,10.0,82.0,23.0,35.0,515.0,08-30 07:01:51,1
27.6,20.0,12.0,8.0,2.99,6.19,0.87,0.67,56.58,10.0,82.0,23.0,35.0,512.0,08-30 07:01:52,1
27.69,20.0,12.0,8.0,3.47,6.33,0.8,0.77,56.64,10.0,82.0,23.0,36.0,525.0,08-30 07:01:53,1
27.8,20.0,12.0,7.0,3.73,6.03,0.89,0.69,56.61,10.0,82.0,23.0,35.0,525.0,08-30 07:01:54,1
27.8,20.0,13.0,8.0,3.37,6.64,0.8,0.79,56.71,10.0,82.0,23.0,36.0,518.0,08-30 07:01:55,1
27.8,20.0,13.0,8.0,3.48,6.46,0.93,0.7,56.96,10.0,82.0,22.0,36.0,518.0,08-30 07:01:56,1
27.9,20.0,12.0,8.0,3.02,7.13,0.81,0.75,57.0,10.0,82.0,22.0,36.0,522.0,08-30 07:01:57,1
27.93,20.0,12.0,7.0,3.69,6.87,0.9,0.75,57.03,10.0,82.0,23.0,36.0,521.0,08-30 07:01:58,1
28.0,21.0,12.0,8.0,2.97,7.36,0.86,0.71,57.11,10.0,82.0,22.0,35.0,526.0,08-30 07:01:59,1
27.92,20.0,12.0,7.0,3.61,7.49,0.83,0.78,57.31,10.0,82.0,22.0,36.0,529.0,08-30 07:02:00,1
27.9,20.0,12.0,7.0,3.44,7.48,0.95,0.69,57.43,10.0,82.0,23.0,35.0,517.0,08-30 07:02:01,1
28.1,20.0,12.0,8.0,3.24,8.19,0.8,0.78,57.54,10.0,82.0,23.0,36.0,523.0,08-30 07:02:02,1
28.1,20.0,13.0,7.0,3.75,7.86,0.96,0.73,57.54,10.0,82.0,23.0,36.0,521.0,08-30 07:02:03,1
28.1,21.0,13.0,7.0,3.04,8.59,0.85,0.73,57.6,10.0,82.0,23.0,36.0,526.0,08-30 07:02:04,1
28.21,21.0,12.0,8.0,3.78,8.54,0.87,0.79,57.76,10.0,82.0,22.0,35.0,523.0,08-30 07:02:05,1
28.3,20.0,12.0,8.0,3.38,8.74,0.95,0.7,57.92,10.0,82.0,22.0,36.0,521.0,08-30 07:02:06,1
28.39,20.0,12.0,8.0,3.29,9.24,0.8,0.79,57.94,10.0,82.0,23.0,36.0,525.0,08-30 07:02:07,1
28.41,21.0,11.0,8.0,3.65,9.06,0.96,0.73,58.0,10.0,81.0,23.0,35.0,529.0,08-30 07:02:08,1
28.5,20.0,12.0,7.0,3.03,9.83,0.85,0.76,58.13,10.0,82.0,23.0,35.0,520.0,08-30 07:02:09,1
28.54,20.0,12.0,10.0,3.86,9.72,0.92,0.78,58.49,11.0,81.0,22.0,35.0,518.0,08-30 07:02:10,1
28.6,20.0,12.0,6.0,3.14,10.25,0.92,0.72,58.89,10.0,82.0,23.0,36.0,530.0,08-30 07:02:11,1
28.52,21.0,12.0,7.0,3.62,10.5,0.85,0.79,59.16,10.0,82.0,22.0,35.0,519.0,08-30 07:02:12,1
28.52,20.0,12.0,8.0,3.52,10.58,0.98,0.71,59.45,10.0,81.0,22.0,36.0,511.0,08-30 07:02:13,2
28.7,20.0,12.0,8.0,3.21,11.38,0.84,0.79,59.79,10.0,82.0,22.0,35.0,518.0,08-30 07:02:14,2
28.7,19.0,12.0,8.0,3.87,11.11,0.95,0.77,60.0,10.0,82.0,22.0,36.0,514.0,08-30 07:02:15,2
28.7,21.0,12.0,9.0,3.19,11.87,0.93,0.74,60.19,10.0,81.0,22.0,35.0,511.0,08-30 07:02:16,2
28.86,20.0,12.0,8.0,3.78,12.02,0.88,0.8,60.34,10.0,82.0,22.0,36.0,527.0,08-30 07:02:17,2
28.9,20.0,12.0,8.0,3.51,12.24,0.98,0.68,60.6,10.0,82.0,22.0,35.0,518.0,08-30 07:02:18,2
29.0,20.0,11.0,7.0,3.27,13.0,0.84,0.8,60.82,10.0,82.0,22.0,36.0,513.0,08-30 07:02:19,2
29.0,20.0,12.0,10.0,3.77,12.88,0.95,0.74,61.02,10.0,82.0,22.0,36.0,516.0,08-30 07:02:20,2
29.0,20.0,12.0,8.0,3.11,13.74,0.87,0.75,61.2,10.0,82.0,23.0,36.0,520.0,08-30 07:02:21,2
29.15,20.0,12.0,9.0,3.91,13.75,0.9,0.78,61.36,10.0,82.0,22.0,35.0,511.0,08-30 07:02:22,2
29.2,20.0,11.0,8.0,3.32,14.2,0.94,0.7,61.62,10.0,81.0,22.0,35.0,523.0,08-30 07:02:23,2
29.2,20.0,12.0,9.0,3.49,14.82,0.84,0.78,61.88,10.0,82.0,22.0,36.0,513.0,08-30 07:02:24,2
29.3,20.0,12.0,10.0,3.1,15.21,0.88,0.78,62.06,10.0,82.0,22.0,36.0,521.0,08-30 07:02:25,2
29.3,20.0,12.0,8.0,3.37,15.35,0.82,0.8,62.23,10.0,82.0,23.0,35.0,515.0,08-30 07:02:26,2
29.36,20.0,12.0,8.0,3.79,15.28,0.97,0.73,62.38,10.0,82.0,23.0,36.0,528.0,08-30 07:02:27,2
29.4,20.0,12.0,8.0,3.13,16.24,0.88,0.74,62.53,10.0,82.0,22.0,36.0,522.0,08-30 07:02:28,2
29.58,20.0,12.0,9.0,3.86,16.35,0.9,0.77,62.65,10.0,82.0,22.0,35.0,524.0,08-30 07:02:29,2
29.6,20.0,13.0,7.0,3.23,17.03,0.94,0.71,62.86,10.0,82.0,22.0,36.0,529.0,08-30 07:02:30,2
29.6,20.0,12.0,8.0,3.5,17.61,0.82,0.8,63.01,10.0,82.0,23.0,35.0,519.0,08-30 07:02:31,2
29.69,21.0,12.0,8.0,3.67,17.71,0.98,0.72,63.34,10.0,82.0,22.0,35.0,530.0,08-30 07:02:32,2
29.8,20.0,12.0,8.0,3.2,18.68,0.84,0.77,64.13,10.0,82.0,22.0,36.0,527.0,08-30 07:02:33,2
29.96,20.0,12.0,8.0,3.86,18.76,0.95,0.76,64.67,10.0,82.0,23.0,35.0,523.0,08-30 07:02:34,2
30.0,20.0,12.0,7.0,3.12,19.7,0.92,0.72,65.06,10.0,82.0,23.0,35.0,528.0,08-30 07:02:35,2
30.1,20.0,11.0,7.0,3.61,20.16,0.84,0.81,65.48,10.0,82.0,23.0,35.0,523.0,08-30 07:02:36,2
30.13,20.0,12.0,7.0,3.51,20.55,0.97,0.71,65.8,10.0,82.0,23.0,35.0,526.0,08-30 07:02:37,2
30.2,20.0,12.0,7.0,3.27,21.55,0.81,0.77,66.12,10.0,82.0,23.0,36.0,527.0,08-30 07:02:38,2
30.28,20.0,12.0,7.0,3.88,21.67,0.96,0.74,66.45,10.0,82.0,23.0,35.0,518.0,08-30 07:02:39,2
30.35,20.0,12.0,9.0,3.08,22.8,0.87,0.72,66.83,10.0,82.0,23.0,35.0,517.0,08-30 07:02:40,2
30.7,20.0,12.0,8.0,3.72,23.13,0.86,0.77,67.15,10.0,81.0,23.0,35.0,512.0,08-30 07:02:41,2
30.79,20.0,11.0,9.0,3.3,23.86,0.93,0.68,67.49,10.0,81.0,23.0,36.0,524.0,08-30 07:02:42,2
30.9,19.0,12.0,7.0,3.48,24.76,0.79,0.77,67.82,10.0,82.0,22.0,35.0,528.0,08-30 07:02:43,2
30.9,20.0,12.0,8.0,3.76,24.99,0.96,0.71,68.16,10.0,82.0,23.0,35.0,522.0,08-30 07:02:44,2
30.9,19.0,12.0,9.0,3.09,26.3,0.84,0.73,68.46,10.0,82.0,22.0,35.0,517.0,08-30 07:02:45,2
31.1,21.0,12.0,9.0,3.87,26.66,0.88,0.75,68.81,10.0,81.0,23.0,36.0,518.0,08-30 07:02:46,2
31.13,21.0,11.0,7.0,3.2,27.69,0.91,0.7,69.1,10.0,81.0,22.0,35.0,516.0,08-30 07:02:47,2
31.2,20.0,11.0,9.0,3.58,28.55,0.81,0.77,69.44,10.0,82.0,23.0,35.0,530.0,08-30 07:02:48,2
31.26,20.0,11.0,8.0,3.64,29.01,0.97,0.7,69.68,10.0,81.0,22.0,35.0,523.0,08-30 07:02:49,2
31.3,20.0,11.0,8.0,3.26,30.37,0.84,0.77,69.97,10.0,82.0,22.0,35.0,511.0,08-30 07:02:50,2
31.48,20.0,12.0,8.0,3.89,30.79,0.94,0.74,70.24,10.0,82.0,22.0,36.0,517.0,08-30 07:02:51,2
31.61,20.0,12.0,8.0,3.12,32.15,0.88,0.72,70.38,10.0,82.0,23.0,36.0,521.0,08-30 07:02:52,2
32.0,20.0,12.0,8.0,3.74,32.85,0.85,0.8,70.75,10.0,82.0,22.0,35.0,512.0,08-30 07:02:53,2
32.0,21.0,12.0,7.0,3.49,33.68,0.95,0.69,71.1,10.0,82.0,22.0,36.0,519.0,08-30 07:02:54,2
32.0,20.0,11.0,9.0,3.15,34.97,0.81,0.76,71.39,10.0,82.0,22.0,36.0,522.0,08-30 07:02:55,2
32.2,20.0,13.0,7.0,3.33,35.22,0.96,0.66,71.55,10.0,82.0,22.0,36.0,529.0,08-30 07:02:56,2
32.2,20.0,13.0,6.0,3.16,36.07,0.81,0.74,71.86,10.0,82.0,23.0,36.0,515.0,08-30 07:02:57,2
32.4,20.0,12.0,8.0,3.84,36.61,0.89,0.73,72.06,10.0,81.0,23.0,35.0,518.0,08-30 07:02:58,2
32.47,20.0,12.0,8.0,3.07,38.11,0.87,0.7,72.41,10.0,82.0,23.0,35.0,522.0,08-30 07:02:59,2
32.6,20.0,13.0,9.0,3.67,39.08,0.83,0.76,72.73,10.0,82.0,23.0,36.0,518.0,08-30 07:03:00,2
32.99,20.0,12.0,8.0,3.42,40.12,0.94,0.67,72.98,10.0,82.0,23.0,36.0,516.0,08-30 07:03:01,2
33.1,20.0,13.0,7.0,3.25,41.66,0.78,0.74,73.19,10.0,82.0,23.0,35.0,530.0,08-30 07:03:02,2
33.4,20.0,11.0,8.0,3.86,42.34,0.92,0.71,73.33,10.0,82.0,23.0,36.0,529.0,08-30 07:03:03,2
33.43,20.0,12.0,8.0,3.07,44.15,0.84,0.71,73.57,10.0,81.0,23.0,35.0,526.0,08-30 07:03:04,2
33.5,20.0,12.0,7.0,3.8,45.19,0.85,0.75,73.93,10.0,81.0,22.0,36.0,525.0,08-30 07:03:05,2
33.58,20.0,12.0,8.0,3.3,46.63,0.89,0.68,74.15,10.0,81.0,23.0,36.0,511.0,08-30 07:03:06,2
33.6,20.0,12.0,9.0,3.49,48.09,0.79,0.78,74.44,10.0,82.0,23.0,35.0,514.0,08-30 07:03:07,2
33.6,19.0,11.0,7.0,3.67,49.11,0.95,0.69,74.65,10.0,81.0,23.0,35.0,526.0,08-30 07:03:08,2
33.63,21.0,12.0,7.0,3.1,51.14,0.82,0.73,74.87,10.0,81.0,22.0,35.0,524.0,08-30 07:03:09,2
33.7,20.0,12.0,8.0,3.9,52.22,0.9,0.74,75.08,10.0,81.0,22.0,35.0,522.0,08-30 07:03:10,2
33.83,20.0,12.0,8.0,3.26,53.98,0.89,0.68,75.4,10.0,82.0,22.0,35.0,515.0,08-30 07:03:11,2
33.9,20.0,12.0,8.0,3.64,55.59,0.8,0.77,75.74,10.0,82.0,22.0,36.0,526.0,08-30 07:03:12,2
34.08,20.0,12.0,8.0,3.58,56.98,0.94,0.67,75.87,10.0,82.0,23.0,36.0,519.0,08-30 07:03:13,2
34.1,20.0,12.0,8.0,2.98,58.65,0.82,0.72,76.02,10.0,81.0,23.0,35.0,513.0,08-30 07:03:14,2
34.18,20.0,12.0,8.0,2.99,59.19,0.83,0.71,77.6,10.0,81.0,23.0,35.0,517.0,08-30 07:03:15,2
34.26,19.0,11.0,7.0,3.01,59.72,0.84,0.7,79.18,10.0,81.0,23.0,35.0,518.0,08-30 07:03:16,2
34.3,19.0,11.0,8.0,3.76,61.05,0.83,0.74,80.46,10.0,81.0,23.0,36.0,523.0,08-30 07:03:17,2
34.53,20.0,11.0,8.0,3.44,62.89,0.92,0.67,81.84,10.0,81.0,23.0,36.0,516.0,08-30 07:03:18,2
34.69,20.0,12.0,8.0,3.47,65.14,0.8,0.79,82.86,10.0,81.0,22.0,35.0,513.0,08-30 07:03:19,2
35.4,20.0,12.0,8.0,3.89,66.47,0.93,0.69,83.75,10.0,81.0,23.0,35.0,511.0,08-30 07:03:20,3
35.57,20.0,12.0,8.0,3.18,68.91,0.83,0.69,84.54,10.0,81.0,23.0,35.0,512.0,08-30 07:03:21,3
35.9,20.0,12.0,8.0,3.83,70.64,0.86,0.73,85.34,10.0,81.0,22.0,36.0,528.0,08-30 07:03:22,3
35.98,20.0,11.0,9.0,3.24,73.0,0.88,0.66,86.12,10.0,81.0,22.0,36.0,529.0,08-30 07:03:23,3
36.0,20.0,13.0,8.0,3.58,75.18,0.78,0.77,86.77,10.0,81.0,22.0,36.0,522.0,08-30 07:03:24,3
36.0,20.0,12.0,8.0,3.69,77.01,0.95,0.68,87.37,10.0,82.0,23.0,36.0,516.0,08-30 07:03:25,3
36.0,20.0,12.0,8.0,3.1,79.13,0.84,0.72,87.97,10.0,81.0,23.0,36.0,514.0,08-30 07:03:26,3
36.0,20.0,11.0,8.0,3.77,79.96,0.92,0.69,88.56,10.0,81.0,22.0,36.0,519.0,08-30 07:03:27,3
36.08,21.0,12.0,8.0,3.27,82.61,0.85,0.71,89.2,10.0,81.0,23.0,35.0,530.0,08-30 07:03:28,3
36.1,20.0,12.0,8.0,4.05,84.61,0.92,0.77,89.7,10.0,81.0,22.0,36.0,530.0,08-30 07:03:29,3
36.2,21.0,12.0,8.0,3.49,87.19,0.95,0.71,90.23,10.0,81.0,22.0,35.0,512.0,08-30 07:03:30,3
36.3,20.0,12.0,9.0,3.7,89.94,0.85,0.8,90.86,10.0,81.0,22.0,35.0,511.0,08-30 07:03:31,3
36.5,20.0,12.0,8.0,3.78,92.36,0.97,0.7,91.49,10.0,81.0,22.0,35.0,523.0,08-30 07:03:32,3
36.56,20.0,12.0,8.0,3.36,95.59,0.85,0.78,91.92,10.0,81.0,22.0,35.0,520.0,08-30 07:03:33,3
36.6,20.0,13.0,7.0,4.12,97.84,0.94,0.74,92.41,10.0,81.0,23.0,36.0,512.0,08-30 07:03:34,3
36.69,20.0,12.0,6.0,3.39,101.18,0.93,0.72,93.05,10.0,81.0,23.0,35.0,513.0,08-30 07:03:35,3
36.72,20.0,13.0,9.0,4.01,104.21,0.86,0.79,93.65,10.0,81.0,22.0,35.0,519.0,08-30 07:03:36,3
36.8,20.0,12.0,8.0,3.78,107.06,0.99,0.7,94.18,10.0,81.0,22.0,36.0,523.0,08-30 07:03:37,3
36.98,21.0,11.0,8.0,3.59,110.57,0.87,0.79,94.59,10.0,82.0,22.0,35.0,523.0,08-30 07:03:38,3
37.2,20.0,12.0,8.0,4.08,113.41,0.96,0.74,95.23,10.0,81.0,22.0,36.0,525.0,08-30 07:03:39,3
37.36,20.0,12.0,8.0,3.48,117.3,0.92,0.72,95.79,10.0,81.0,23.0,35.0,516.0,08-30 07:03:40,3
37.41,20.0,12.0,10.0,4.17,120.67,0.95,0.78,96.33,10.0,81.0,23.0,35.0,511.0,08-30 07:03:41,3
37.5,19.0,12.0,9.0,3.64,123.97,0.98,0.67,96.83,10.0,81.0,23.0,35.0,512.0,08-30 07:03:42,3
37.63,19.0,12.0,8.0,3.78,127.59,0.88,0.77,97.36,10.0,81.0,23.0,36.0,525.0,08-30 07:03:43,3
37.8,20.0,12.0,9.0,4.09,131.09,1.02,0.73,97.81,10.0,81.0,23.0,35.0,530.0,08-30 07:03:44,3
37.96,20.0,11.0,7.0,3.54,135.54,0.89,0.74,98.31,10.0,81.0,23.0,35.0,527.0,08-30 07:03:45,3
38.0,19.0,12.0,8.0,4.22,139.1,0.98,0.76,98.81,10.0,81.0,22.0,35.0,520.0,08-30 07:03:46,3
38.4,20.0,12.0,8.0,3.69,143.32,0.96,0.71,99.21,10.0,81.0,23.0,35.0,523.0,08-30 07:03:47,3
38.47,20.0,12.0,7.0,4.12,147.78,0.92,0.83,99.71,10.0,81.0,23.0,35.0,519.0,08-30 07:03:48,3
38.6,20.0,12.0,10.0,4.12,151.1,1.05,0.73,100.07,10.0,81.0,23.0,36.0,514.0,08-30 07:03:49,3
